date,n_listings,avail_a,pickups,pickup_rate,release_rate,unavailable_b_pct,demand_index
2026-06-25,1708,1075,989,92.0,7.58,92.15,1.738
2026-06-26,11832,7583,5515,72.73,22.64,74.39,1.385
2026-06-27,11832,7483,4949,66.14,32.08,66.79,1.27
2026-06-28,11832,7594,4020,52.94,45.71,53.42,1.032
2026-06-29,11832,7602,3634,47.8,50.9,48.27,0.946
2026-06-30,11832,7591,3463,45.62,51.71,46.58,0.889
2026-07-01,11832,7382,3371,45.67,51.17,46.86,0.877
2026-07-02,11832,7344,3558,48.45,48.06,49.77,0.935
2026-07-03,12057,7221,3985,55.19,40.41,56.95,1.06
2026-07-04,12057,6951,4166,59.93,33.25,62.82,1.142
2026-07-05,12057,6531,4193,64.2,25.37,68.98,1.233
2026-07-06,12057,6510,4325,66.44,23.11,71.24,1.283
2026-07-07,12057,7225,3761,52.06,40.42,55.07,1.01
2026-07-08,12057,7321,3699,50.53,43.88,52.72,0.99
2026-07-09,12057,7383,3636,49.25,46.53,50.88,0.975
2026-07-10,12057,7429,3565,47.99,48.29,49.42,0.95
2026-07-11,12057,7347,3618,49.24,46.5,50.91,0.974
2026-07-12,12057,7412,3403,45.91,51.09,47.07,0.932
2026-07-13,12057,7469,3671,49.15,48.61,50.0,0.998
2026-07-14,12057,7474,4264,57.05,41.89,57.45,1.159
2026-07-15,12057,7446,4054,54.45,42.81,55.49,1.106
2026-07-16,12057,7173,3698,51.55,41.32,54.44,1.047
2026-07-17,12057,6612,4238,64.1,26.61,68.29,1.302
2026-07-18,12057,6676,4003,59.96,30.92,64.03,1.22
2026-07-19,12057,7376,2940,39.86,54.92,41.88,0.831
2026-07-20,12057,7477,2777,37.14,59.28,38.5,0.809
2026-07-21,12057,7477,2772,37.07,58.6,38.72,0.826
2026-07-22,12057,7358,2857,38.83,55.54,41.02,0.876
2026-07-23,12057,6917,3065,44.31,46.91,48.06,1.112
2026-07-24,12057,6252,3472,55.53,31.66,61.7,1.43
2026-07-25,12057,6160,3412,55.39,30.1,62.49,1.491
2026-07-26,12057,6697,3007,44.9,42.87,50.34,1.211
2026-07-27,12057,7255,2553,35.19,57.52,38.09,1.0
2026-07-28,12057,7429,2339,31.48,63.5,33.41,1.0
2026-07-29,12057,7469,2176,29.13,66.46,30.81,0.95
2026-07-30,12057,7498,2158,28.78,67.87,30.05,0.969
2026-07-31,12057,7507,2173,28.95,66.79,30.55,0.994
2026-08-01,12057,7213,2212,30.67,62.18,33.54,1.054
2026-08-02,12057,7214,2083,28.87,63.72,31.85,0.997
2026-08-03,12057,7194,2137,29.71,61.61,33.21,1.029
2026-08-04,12057,7187,2092,29.11,61.13,33.05,1.011
2026-08-05,12057,7192,2007,27.91,61.75,32.08,0.984
2026-08-06,12057,7187,1975,27.48,62.03,31.72,0.97
2026-08-07,12057,7185,1967,27.38,62.05,31.65,0.975
2026-08-08,12057,7167,2031,28.34,61.43,32.49,1.015
2026-08-09,12057,7156,1926,26.91,61.74,31.53,0.979
2026-08-10,12057,7132,2003,28.08,59.37,33.21,1.026
2026-08-11,12057,7147,2026,28.35,58.68,33.63,1.035
2026-08-12,12057,7141,1955,27.38,59.42,32.76,1.017
2026-08-13,12057,7147,1920,26.86,59.74,32.32,0.998
2026-08-14,12057,7156,1926,26.91,60.23,32.14,1.002
2026-08-15,12057,7161,1911,26.69,60.09,32.06,1.0
2026-08-16,12057,7164,1839,25.67,61.37,30.93,1.0
2026-08-17,12057,7161,1786,24.94,61.11,30.6,0.987
2026-08-18,12057,7158,1809,25.27,60.85,30.91,1.002
2026-08-19,12057,7159,1798,25.12,61.64,30.5,0.996
2026-08-20,12057,7161,1806,25.22,61.87,30.46,1.0
2026-08-21,12057,7180,1773,24.69,61.6,30.24,0.979
2026-08-22,12057,7177,1778,24.77,62.07,30.1,0.982
2026-08-23,12057,7179,1661,23.14,64.23,28.25,0.918
2026-08-24,12057,7199,1696,23.56,64.94,28.19,0.934
2026-08-25,12057,7187,1706,23.74,65.65,28.03,0.945
2026-08-26,12057,7190,1676,23.31,66.18,27.55,0.935
2026-08-27,12057,7187,1688,23.49,65.81,27.81,0.942
2026-08-28,12057,7192,1736,24.14,65.22,28.43,0.968
2026-08-29,12057,7189,1685,23.44,65.67,27.83,0.94
2026-08-30,12057,7205,1581,21.94,67.17,26.32,0.88
2026-08-31,12057,7169,1541,21.5,66.71,26.28,0.862
2026-09-01,12057,6903,1635,23.69,62.05,29.78,0.943
2026-09-02,12057,6724,1860,27.66,56.42,34.7,1.101
2026-09-03,12057,6197,2277,36.74,43.4,46.4,1.457
2026-09-04,12057,5856,2675,45.68,33.16,56.56,1.746
2026-09-05,12057,5744,2807,48.87,29.89,59.99,1.867
2026-09-06,12057,5875,2657,45.23,34.65,55.54,1.728
2026-09-07,12057,6720,1911,28.44,55.14,35.71,1.086
2026-09-08,12057,6879,1690,24.57,61.66,30.48,0.939
2026-09-09,12057,6927,1684,24.31,62.85,29.78,0.929
2026-09-10,12057,6978,1842,26.4,62.41,31.11,1.0
2026-09-11,12057,6977,1955,28.02,61.22,32.55,1.061
2026-09-12,12057,6960,2064,29.66,59.78,34.12,1.112
2026-09-13,12057,6964,1861,26.72,62.46,31.29,1.001
2026-09-14,12057,6979,1862,26.68,62.8,31.11,1.0
2026-09-15,12057,6995,1831,26.18,62.66,30.86,0.981
2026-09-16,12057,6993,1830,26.17,62.38,30.98,0.981
2026-09-17,12057,6980,1843,26.4,62.6,31.04,1.0
2026-09-18,12057,6972,1935,27.75,61.1,32.45,1.051
2026-09-19,12057,6973,1997,28.64,61.94,32.61,1.085
2026-09-20,12057,6983,1781,25.5,64.72,29.62,0.974
2026-09-21,12057,6962,1698,24.39,64.81,28.95,0.932
2026-09-22,12057,5518,1309,23.72,65.81,29.4,0.906
2026-09-23,12057,5524,1381,25.0,64.87,30.49,0.947
2026-09-24,12057,5519,1490,27.0,56.5,35.95,1.023
2026-09-25,12057,5491,1609,29.3,54.33,38.22,1.11
2026-09-26,12057,5439,1586,29.16,54.34,38.22,1.114
2026-09-27,12057,5465,1406,25.73,58.46,34.37,0.983
2026-09-28,12057,5489,1418,25.83,59.61,33.76,0.989
2026-09-29,12057,5480,1353,24.69,60.36,32.84,0.949
2026-09-30,12057,5473,1317,24.06,60.54,32.47,0.926
2026-10-01,12057,5064,1318,26.03,56.33,36.26,1.008
2026-10-02,12057,5045,1310,25.97,55.33,36.84,1.009
2026-10-03,12057,5008,1322,26.4,53.75,38.0,1.035
2026-10-04,12057,4920,1285,26.12,52.23,38.93,1.036
2026-10-05,12057,4616,1445,31.3,45.06,45.89,1.252
2026-10-06,12057,4585,1468,32.02,45.06,46.22,1.281
2026-10-07,12057,4588,1433,31.23,46.54,45.0,1.249
2026-10-08,12057,4822,1340,27.79,50.82,40.62,1.121
2026-10-09,12057,4992,1259,25.22,55.07,36.77,1.021
2026-10-10,12057,5060,1254,24.78,56.8,35.47,1.03
2026-10-11,12057,5078,1140,22.45,59.82,32.71,1.0
2026-10-12,12057,5088,1048,20.6,60.96,31.26,0.945
2026-10-13,12057,5089,1022,20.08,61.78,30.56,0.924
2026-10-14,12057,5087,1032,20.29,61.49,30.82,0.972
2026-10-15,12057,5088,1062,20.87,61.06,31.32,1.013
2026-10-16,12057,5083,1104,21.72,60.35,32.09,1.062
2026-10-17,12057,5085,1109,21.81,60.4,32.1,1.075
2026-10-18,12057,5103,1014,19.87,62.3,30.16,0.99
2026-10-19,12057,5098,968,18.99,63.0,29.39,0.956
2026-10-20,12057,5100,951,18.65,63.17,29.14,0.939
2026-10-21,12057,5101,955,18.72,62.88,29.34,0.973
2026-10-22,12057,5022,966,19.24,62.86,29.68,1.013
2026-10-23,12057,5015,996,19.86,62.16,30.36,1.061
2026-10-24,12057,5018,1026,20.45,61.8,30.81,1.097
2026-10-25,12057,5029,937,18.63,63.15,29.25,1.0
2026-10-26,12057,5035,935,18.57,63.41,29.06,0.999
2026-10-27,12057,5006,930,18.58,63.64,28.98,1.001
2026-10-28,12057,5009,910,18.17,63.86,28.67,1.0
2026-10-29,12057,5007,845,16.88,64.0,28.06,0.96
2026-10-30,12057,5004,844,16.87,64.14,27.98,0.961
2026-10-31,12057,4988,836,16.76,64.15,27.95,0.993
2026-11-01,12057,4929,792,16.07,62.72,28.61,0.953
2026-11-02,12057,4910,760,15.48,62.12,28.76,0.924
2026-11-03,12057,4907,769,15.67,62.07,28.87,0.952
2026-11-04,12057,4907,802,16.34,61.94,29.22,1.0
2026-11-05,12057,4896,806,16.46,61.77,29.39,1.024
2026-11-06,12057,4889,860,17.59,61.19,30.21,1.095
2026-11-07,12057,4891,859,17.56,61.29,30.13,1.093
2026-11-08,12057,4892,768,15.7,62.53,28.64,0.981
2026-11-09,12057,4889,782,16.0,62.68,28.67,1.003
2026-11-10,12057,4881,762,15.61,62.82,28.45,0.988
2026-11-11,12057,4884,764,15.64,62.79,28.47,0.996
2026-11-12,12057,4881,765,15.67,62.88,28.44,1.0
2026-11-13,12057,4876,764,15.67,62.92,28.42,1.0
2026-11-14,12057,4873,770,15.8,62.89,28.5,1.008
2026-11-15,12057,4882,714,14.63,63.28,27.78,0.934
2026-11-16,12057,4887,696,14.24,63.49,27.49,0.91
2026-11-17,12057,4889,702,14.36,63.25,27.67,0.918
2026-11-18,12057,4885,713,14.6,63.33,27.73,0.935
2026-11-19,12057,4885,726,14.86,63.09,27.98,0.956
2026-11-20,12057,4879,839,17.2,61.56,29.84,1.107
2026-11-21,12057,4853,873,17.99,61.23,30.41,1.158
2026-11-22,12057,4857,775,15.96,62.51,28.81,1.027
2026-11-23,12057,4863,726,14.93,63.16,28.0,0.978
2026-11-24,12057,4855,739,15.22,63.08,28.18,1.0
2026-11-25,12057,4856,741,15.26,63.09,28.19,1.01
2026-11-26,12057,4847,723,14.92,63.23,27.98,0.999
2026-11-27,12057,4839,752,15.54,63.2,28.27,1.041
2026-11-28,12057,4824,768,15.92,63.51,28.26,1.066
2026-11-29,12057,4845,720,14.86,63.92,27.55,0.996
2026-11-30,12057,4836,686,14.19,64.04,27.23,0.951
2026-12-01,12057,4731,672,14.2,61.49,28.97,0.952
2026-12-02,12057,4718,683,14.48,61.08,29.35,0.971
2026-12-03,12057,4726,698,14.77,61.11,29.44,0.99
2026-12-04,12057,4706,752,15.98,60.43,30.36,1.071
2026-12-05,12057,4706,787,16.72,60.09,30.86,1.125
2026-12-06,12057,4703,742,15.78,60.21,30.42,1.068
2026-12-07,12057,4698,710,15.11,60.59,29.94,1.023
2026-12-08,12057,4716,667,14.14,61.03,29.26,0.957
2026-12-09,12057,4718,668,14.16,61.3,29.1,0.959
2026-12-10,12057,4710,678,14.39,61.33,29.19,0.974
2026-12-11,12057,4715,706,14.97,61.13,29.53,1.014
2026-12-12,12057,4715,715,15.16,61.2,29.56,1.026
2026-12-13,12057,4711,673,14.29,61.35,29.13,0.968
2026-12-14,12057,4702,667,14.19,61.33,29.12,0.961
2026-12-15,12057,4699,675,14.36,61.05,29.37,0.959
2026-12-16,12057,4698,670,14.26,61.0,29.36,0.951
2026-12-17,12057,4698,665,14.15,61.37,29.1,0.943
2026-12-18,12057,4697,666,14.18,61.4,29.09,0.942
2026-12-19,12057,4696,676,14.4,61.35,29.2,0.959
2026-12-20,12057,4691,674,14.37,61.25,29.26,0.959
2026-12-21,12057,4605,691,15.01,60.65,30.05,1.003
2026-12-22,12057,4594,697,15.17,59.49,30.85,1.033
2026-12-23,12057,4588,760,16.56,46.54,39.42,1.106
2026-12-24,12057,4585,774,16.88,45.76,40.03,1.126
2026-12-25,12057,4540,783,17.25,45.79,40.29,1.149
2026-12-26,725,354,67,18.93,47.71,36.0,1.255
2026-12-27,725,353,69,19.55,47.31,36.55,1.302
2026-12-28,725,352,69,19.6,47.45,36.55,1.299
2026-12-29,725,341,68,19.94,46.88,37.52,1.314
